-- phpMyAdmin SQL Dump
-- version 4.5.0.2
-- http://www.phpmyadmin.net
--
-- Host: localhost
-- Generation Time: 2015-12-01 10:25:18
-- 服务器版本： 10.0.17-MariaDB
-- PHP Version: 5.6.14

SET SQL_MODE = "NO_AUTO_VALUE_ON_ZERO";
SET time_zone = "+00:00";


/*!40101 SET @OLD_CHARACTER_SET_CLIENT=@@CHARACTER_SET_CLIENT */;
/*!40101 SET @OLD_CHARACTER_SET_RESULTS=@@CHARACTER_SET_RESULTS */;
/*!40101 SET @OLD_COLLATION_CONNECTION=@@COLLATION_CONNECTION */;
/*!40101 SET NAMES utf8mb4 */;

--
-- Database: `fitBar`
--

-- --------------------------------------------------------

--
-- 表的结构 `analyzedResult`
--

CREATE TABLE `analyzedResult` (
  `resultId` int(11) NOT NULL,
  `userId` int(11) NOT NULL,
  `maxStep` int(11) DEFAULT NULL,
  `time` int(11) NOT NULL
) ENGINE=InnoDB DEFAULT CHARSET=latin1;

--
-- 转存表中的数据 `analyzedResult`
--

INSERT INTO `analyzedResult` (`resultId`, `userId`, `maxStep`, `time`) VALUES
(1, 1, 921, 18),
(2, 2, 1723, 22),
(3, 3, 1270, 8),
(4, 4, 1698, 10),
(5, 5, 942, 16),
(6, 6, 975, 16);

-- --------------------------------------------------------

--
-- 表的结构 `sportData`
--

CREATE TABLE `sportData` (
  `sportDataId` int(11) NOT NULL,
  `userId` int(11) NOT NULL,
  `startTime` varchar(45) NOT NULL,
  `endTime` varchar(45) NOT NULL,
  `step` int(11) NOT NULL
) ENGINE=InnoDB DEFAULT CHARSET=latin1;

--
-- 转存表中的数据 `sportData`
--

INSERT INTO `sportData` (`sportDataId`, `userId`, `startTime`, `endTime`, `step`) VALUES
(1, 1, '2015101510', '2015101511', 1333),
(2, 1, '2015101512', '2015101513', 20),
(3, 1, '2015101515', '2015101516', 1809),
(4, 1, '2015101516', '2015101517', 570),
(5, 1, '2015101518', '2015101519', 846),
(6, 1, '2015101519', '2015101520', 108),
(7, 1, '2015101607', '2015101608', 831),
(8, 1, '2015101608', '2015101609', 656),
(9, 1, '2015101609', '2015101610', 120),
(10, 1, '2015101611', '2015101612', 170),
(11, 1, '2015101612', '2015101613', 1186),
(12, 1, '2015101615', '2015101616', 387),
(13, 1, '2015101617', '2015101618', 379),
(14, 1, '2015101620', '2015101621', 793),
(15, 1, '2015101621', '2015101622', 879),
(16, 1, '2015101622', '2015101623', 9),
(17, 1, '2015101709', '2015101710', 1294),
(18, 1, '2015101710', '2015101711', 1297),
(19, 1, '2015101711', '2015101712', 496),
(20, 1, '2015101712', '2015101713', 1506),
(21, 1, '2015101713', '2015101714', 341),
(22, 1, '2015101718', '2015101719', 789),
(23, 1, '2015101719', '2015101720', 500),
(24, 1, '2015101720', '2015101721', 32),
(25, 1, '2015101721', '2015101722', 1118),
(26, 1, '2015101722', '2015101723', 497),
(27, 1, '2015101810', '2015101811', 13),
(28, 1, '2015101811', '2015101812', 640),
(29, 1, '2015101812', '2015101813', 866),
(30, 1, '2015101814', '2015101815', 423),
(31, 1, '2015101815', '2015101816', 530),
(32, 1, '2015101816', '2015101817', 110),
(33, 1, '2015101817', '2015101818', 634),
(34, 1, '2015101818', '2015101819', 46),
(35, 1, '2015101819', '2015101820', 42),
(36, 1, '2015101820', '2015101821', 1676),
(37, 1, '2015101912', '2015101913', 10),
(38, 1, '2015101913', '2015101914', 1299),
(39, 1, '2015101915', '2015101916', 796),
(40, 1, '2015101916', '2015101917', 1089),
(41, 1, '2015101917', '2015101918', 115),
(42, 1, '2015102007', '2015102008', 127),
(43, 1, '2015102008', '2015102009', 1440),
(44, 1, '2015102009', '2015102010', 620),
(45, 1, '2015102010', '2015102011', 874),
(46, 1, '2015102011', '2015102012', 1300),
(47, 1, '2015102012', '2015102013', 35),
(48, 1, '2015102017', '2015102018', 1876),
(49, 1, '2015102018', '2015102019', 2469),
(50, 1, '2015102020', '2015102021', 1111),
(51, 1, '2015102021', '2015102022', 424),
(52, 1, '2015102101', '2015102102', 8),
(53, 1, '2015102108', '2015102109', 2388),
(54, 1, '2015102109', '2015102110', 2007),
(55, 1, '2015102208', '2015102209', 43),
(56, 1, '2015101510', '2015101511', 1029),
(57, 1, '2015101512', '2015101513', 16),
(58, 1, '2015101515', '2015101516', 1443),
(59, 1, '2015101516', '2015101517', 466),
(60, 1, '2015101518', '2015101519', 655),
(61, 1, '2015101519', '2015101520', 76),
(62, 1, '2015101607', '2015101608', 600),
(63, 1, '2015101608', '2015101609', 426),
(64, 1, '2015101609', '2015101610', 96),
(65, 1, '2015101610', '2015101611', 2),
(66, 1, '2015101611', '2015101612', 142),
(67, 1, '2015101612', '2015101613', 899),
(68, 1, '2015101615', '2015101616', 303),
(69, 1, '2015101617', '2015101618', 308),
(70, 1, '2015101620', '2015101621', 625),
(71, 1, '2015101621', '2015101622', 705),
(72, 1, '2015101622', '2015101623', 8),
(73, 1, '2015101708', '2015101709', 3),
(74, 1, '2015101709', '2015101710', 805),
(75, 1, '2015101710', '2015101711', 820),
(76, 1, '2015101711', '2015101712', 408),
(77, 1, '2015101712', '2015101713', 1159),
(78, 1, '2015101713', '2015101714', 259),
(79, 1, '2015101718', '2015101719', 647),
(80, 1, '2015101719', '2015101720', 416),
(81, 1, '2015101720', '2015101721', 31),
(82, 1, '2015101721', '2015101722', 984),
(83, 1, '2015101722', '2015101723', 420),
(84, 1, '2015101810', '2015101811', 10),
(85, 1, '2015101811', '2015101812', 454),
(86, 1, '2015101812', '2015101813', 563),
(87, 1, '2015101814', '2015101815', 285),
(88, 1, '2015101815', '2015101816', 412),
(89, 1, '2015101816', '2015101817', 93),
(90, 1, '2015101817', '2015101818', 522),
(91, 1, '2015101818', '2015101819', 37),
(92, 1, '2015101819', '2015101820', 32),
(93, 1, '2015101820', '2015101821', 1306),
(94, 1, '2015101912', '2015101913', 10),
(95, 1, '2015101913', '2015101914', 1012),
(96, 1, '2015101915', '2015101916', 564),
(97, 1, '2015101916', '2015101917', 706),
(98, 1, '2015101917', '2015101918', 76),
(99, 1, '2015102007', '2015102008', 88),
(100, 1, '2015102008', '2015102009', 1116),
(101, 1, '2015102009', '2015102010', 391),
(102, 1, '2015102010', '2015102011', 654),
(103, 1, '2015102011', '2015102012', 945),
(104, 1, '2015102012', '2015102013', 25),
(105, 1, '2015102017', '2015102018', 1472),
(106, 1, '2015102018', '2015102019', 1880),
(107, 1, '2015102020', '2015102021', 802),
(108, 1, '2015102021', '2015102022', 357),
(109, 1, '2015102101', '2015102102', 5),
(110, 1, '2015102108', '2015102109', 1680),
(111, 1, '2015102109', '2015102110', 1316),
(112, 1, '2015102208', '2015102209', 30),
(113, 2, '2015110311', '2015110312', 176),
(114, 2, '2015110312', '2015110313', 305),
(115, 2, '2015110313', '2015110314', 173),
(116, 2, '2015110314', '2015110315', 345),
(117, 2, '2015110315', '2015110316', 711),
(118, 2, '2015110316', '2015110317', 1700),
(119, 2, '2015110317', '2015110318', 1655),
(120, 2, '2015110318', '2015110319', 169),
(121, 2, '2015110319', '2015110320', 267),
(122, 2, '2015110320', '2015110321', 115),
(123, 2, '2015110321', '2015110322', 1784),
(124, 2, '2015110322', '2015110323', 1906),
(125, 2, '2015110400', '2015110401', 2800),
(126, 2, '2015110402', '2015110403', 10),
(127, 2, '2015110410', '2015110411', 1514),
(128, 2, '2015110411', '2015110412', 281),
(129, 2, '2015110412', '2015110413', 96),
(130, 2, '2015110413', '2015110414', 513),
(131, 2, '2015110414', '2015110415', 362),
(132, 2, '2015110415', '2015110416', 953),
(133, 2, '2015110416', '2015110417', 529),
(134, 2, '2015110417', '2015110418', 485),
(135, 2, '2015110419', '2015110420', 166),
(136, 2, '2015110420', '2015110421', 1498),
(137, 2, '2015110421', '2015110422', 1690),
(138, 2, '2015110422', '2015110423', 4673),
(139, 2, '2015110509', '2015110510', 312),
(140, 2, '2015110510', '2015110511', 1522),
(141, 2, '2015110511', '2015110512', 36),
(142, 2, '2015110512', '2015110513', 313),
(143, 2, '2015110513', '2015110514', 84),
(144, 2, '2015110514', '2015110515', 504),
(145, 2, '2015110515', '2015110516', 860),
(146, 2, '2015110518', '2015110519', 662),
(147, 2, '2015110519', '2015110520', 592),
(148, 2, '2015110520', '2015110521', 280),
(149, 2, '2015110521', '2015110522', 94),
(150, 2, '2015110522', '2015110523', 1612),
(151, 2, '2015110611', '2015110612', 125),
(152, 2, '2015110612', '2015110613', 1023),
(153, 2, '2015110613', '2015110614', 53),
(154, 2, '2015110614', '2015110615', 316),
(155, 2, '2015110618', '2015110619', 844),
(156, 2, '2015110621', '2015110622', 211),
(157, 2, '2015110622', '2015110623', 533),
(158, 2, '2015110711', '2015110712', 1726),
(159, 2, '2015110712', '2015110713', 513),
(160, 2, '2015110713', '2015110714', 116),
(161, 2, '2015110715', '2015110716', 366),
(162, 2, '2015110716', '2015110717', 71),
(163, 2, '2015110717', '2015110718', 688),
(164, 2, '2015110718', '2015110719', 588),
(165, 2, '2015110719', '2015110720', 19),
(166, 2, '2015110721', '2015110722', 167),
(167, 2, '2015110722', '2015110723', 2056),
(168, 2, '2015110811', '2015110812', 1304),
(169, 2, '2015110812', '2015110813', 259),
(170, 2, '2015110813', '2015110814', 70),
(171, 2, '2015110815', '2015110816', 277),
(172, 2, '2015110816', '2015110817', 439),
(173, 2, '2015110817', '2015110818', 1038),
(174, 2, '2015110818', '2015110819', 2327),
(175, 2, '2015110819', '2015110820', 188),
(176, 2, '2015110820', '2015110821', 259),
(177, 2, '2015110821', '2015110822', 1912),
(178, 2, '2015110822', '2015110823', 4572),
(179, 2, '2015110907', '2015110908', 1587),
(180, 2, '2015110908', '2015110909', 498),
(181, 2, '2015110909', '2015110910', 352),
(182, 2, '2015110910', '2015110911', 50),
(183, 2, '2015110911', '2015110912', 43),
(184, 2, '2015110915', '2015110916', 1),
(185, 2, '2015110921', '2015110922', 37),
(186, 2, '2015110311', '2015110312', 124),
(187, 2, '2015110312', '2015110313', 275),
(188, 2, '2015110313', '2015110314', 98),
(189, 2, '2015110314', '2015110315', 247),
(190, 2, '2015110315', '2015110316', 573),
(191, 2, '2015110316', '2015110317', 1229),
(192, 2, '2015110317', '2015110318', 1244),
(193, 2, '2015110318', '2015110319', 126),
(194, 2, '2015110319', '2015110320', 187),
(195, 2, '2015110320', '2015110321', 102),
(196, 2, '2015110321', '2015110322', 1288),
(197, 2, '2015110322', '2015110323', 1436),
(198, 2, '2015110400', '2015110401', 2246),
(199, 2, '2015110401', '2015110402', 1),
(200, 2, '2015110402', '2015110403', 6),
(201, 2, '2015110410', '2015110411', 1242),
(202, 2, '2015110411', '2015110412', 270),
(203, 2, '2015110412', '2015110413', 49),
(204, 2, '2015110413', '2015110414', 436),
(205, 2, '2015110414', '2015110415', 350),
(206, 2, '2015110415', '2015110416', 797),
(207, 2, '2015110416', '2015110417', 454),
(208, 2, '2015110417', '2015110418', 396),
(209, 2, '2015110419', '2015110420', 132),
(210, 2, '2015110420', '2015110421', 1281),
(211, 2, '2015110421', '2015110422', 1527),
(212, 2, '2015110422', '2015110423', 5429),
(213, 2, '2015110509', '2015110510', 298),
(214, 2, '2015110510', '2015110511', 1150),
(215, 2, '2015110511', '2015110512', 59),
(216, 2, '2015110512', '2015110513', 271),
(217, 2, '2015110513', '2015110514', 89),
(218, 2, '2015110514', '2015110515', 426),
(219, 2, '2015110515', '2015110516', 681),
(220, 2, '2015110518', '2015110519', 578),
(221, 2, '2015110519', '2015110520', 521),
(222, 2, '2015110520', '2015110521', 206),
(223, 2, '2015110521', '2015110522', 79),
(224, 2, '2015110522', '2015110523', 1308),
(225, 2, '2015110611', '2015110612', 136),
(226, 2, '2015110612', '2015110613', 852),
(227, 2, '2015110613', '2015110614', 57),
(228, 2, '2015110614', '2015110615', 247),
(229, 2, '2015110618', '2015110619', 686),
(230, 2, '2015110620', '2015110621', 4),
(231, 2, '2015110621', '2015110622', 170),
(232, 2, '2015110622', '2015110623', 416),
(233, 2, '2015110710', '2015110711', 4),
(234, 2, '2015110711', '2015110712', 1394),
(235, 2, '2015110712', '2015110713', 410),
(236, 2, '2015110713', '2015110714', 118),
(237, 2, '2015110715', '2015110716', 293),
(238, 2, '2015110716', '2015110717', 65),
(239, 2, '2015110717', '2015110718', 590),
(240, 2, '2015110718', '2015110719', 482),
(241, 2, '2015110719', '2015110720', 23),
(242, 2, '2015110721', '2015110722', 144),
(243, 2, '2015110722', '2015110723', 1734),
(244, 2, '2015110811', '2015110812', 1080),
(245, 2, '2015110812', '2015110813', 195),
(246, 2, '2015110813', '2015110814', 49),
(247, 2, '2015110815', '2015110816', 234),
(248, 2, '2015110816', '2015110817', 347),
(249, 2, '2015110817', '2015110818', 961),
(250, 2, '2015110818', '2015110819', 1897),
(251, 2, '2015110819', '2015110820', 152),
(252, 2, '2015110820', '2015110821', 225),
(253, 2, '2015110821', '2015110822', 1580),
(254, 2, '2015110822', '2015110823', 3608),
(255, 2, '2015110907', '2015110908', 1288),
(256, 2, '2015110908', '2015110909', 435),
(257, 2, '2015110909', '2015110910', 301),
(258, 2, '2015110910', '2015110911', 34),
(259, 2, '2015110911', '2015110912', 236),
(260, 2, '2015110915', '2015110916', 2),
(261, 2, '2015110918', '2015110919', 2),
(262, 2, '2015110921', '2015110922', 30),
(263, 2, '2015111008', '2015111009', 2),
(264, 2, '2015110314', '2015110315', 2),
(265, 2, '2015110316', '2015110317', 3),
(266, 2, '2015110317', '2015110318', 3),
(267, 2, '2015110319', '2015110320', 4),
(268, 2, '2015110321', '2015110322', 3),
(269, 2, '2015110322', '2015110323', 2),
(270, 2, '2015110400', '2015110401', 3),
(271, 2, '2015110410', '2015110411', 3),
(272, 2, '2015110411', '2015110412', 2),
(273, 2, '2015110413', '2015110414', 1),
(274, 2, '2015110415', '2015110416', 3),
(275, 2, '2015110417', '2015110418', 2),
(276, 2, '2015110420', '2015110421', 1),
(277, 2, '2015110421', '2015110422', 3),
(278, 2, '2015110422', '2015110423', 4),
(279, 2, '2015110510', '2015110511', 3),
(280, 2, '2015110514', '2015110515', 2),
(281, 2, '2015110519', '2015110520', 3),
(282, 2, '2015110522', '2015110523', 2),
(283, 2, '2015110612', '2015110613', 3),
(284, 2, '2015110614', '2015110615', 1),
(285, 2, '2015110618', '2015110619', 3),
(286, 2, '2015110621', '2015110622', 2),
(287, 2, '2015110711', '2015110712', 1),
(288, 2, '2015110712', '2015110713', 3),
(289, 2, '2015110715', '2015110716', 2),
(290, 2, '2015110718', '2015110719', 4),
(291, 2, '2015110722', '2015110723', 4),
(292, 2, '2015110811', '2015110812', 3),
(293, 2, '2015110812', '2015110813', 1),
(294, 2, '2015110815', '2015110816', 2),
(295, 2, '2015110817', '2015110818', 2),
(296, 2, '2015110818', '2015110819', 7),
(297, 2, '2015110819', '2015110820', 1),
(298, 2, '2015110822', '2015110823', 1),
(299, 2, '2015110907', '2015110908', 2),
(300, 2, '2015110908', '2015110909', 2),
(301, 2, '2015110909', '2015110910', 2),
(302, 3, '2015110314', '2015110315', 53),
(303, 3, '2015110315', '2015110316', 172),
(304, 3, '2015110316', '2015110317', 74),
(305, 3, '2015110317', '2015110318', 76),
(306, 3, '2015110318', '2015110319', 800),
(307, 3, '2015110319', '2015110320', 36),
(308, 3, '2015110320', '2015110321', 1281),
(309, 3, '2015110321', '2015110322', 656),
(310, 3, '2015110407', '2015110408', 10),
(311, 3, '2015110408', '2015110409', 2265),
(312, 3, '2015110409', '2015110410', 10),
(313, 3, '2015110412', '2015110413', 842),
(314, 3, '2015110413', '2015110414', 211),
(315, 3, '2015110417', '2015110418', 1553),
(316, 3, '2015110420', '2015110421', 1555),
(317, 3, '2015110421', '2015110422', 659),
(318, 3, '2015110422', '2015110423', 37),
(319, 3, '2015110510', '2015110511', 1113),
(320, 3, '2015110511', '2015110512', 1550),
(321, 3, '2015110515', '2015110516', 524),
(322, 3, '2015110516', '2015110517', 1450),
(323, 3, '2015110517', '2015110518', 2040),
(324, 3, '2015110521', '2015110522', 29),
(325, 3, '2015110610', '2015110611', 871),
(326, 3, '2015110611', '2015110612', 1555),
(327, 3, '2015110612', '2015110613', 1035),
(328, 3, '2015110613', '2015110614', 16),
(329, 3, '2015110614', '2015110615', 161),
(330, 3, '2015110616', '2015110617', 172),
(331, 3, '2015110618', '2015110619', 1944),
(332, 3, '2015110619', '2015110620', 1645),
(333, 3, '2015110620', '2015110621', 1587),
(334, 3, '2015110710', '2015110711', 8),
(335, 3, '2015110716', '2015110717', 1044),
(336, 3, '2015110717', '2015110718', 2918),
(337, 3, '2015110718', '2015110719', 2199),
(338, 3, '2015110719', '2015110720', 2071),
(339, 3, '2015110722', '2015110723', 27),
(340, 3, '2015110800', '2015110801', 20),
(341, 3, '2015110801', '2015110802', 26),
(342, 3, '2015110811', '2015110812', 11),
(343, 3, '2015110812', '2015110813', 24),
(344, 3, '2015110814', '2015110815', 186),
(345, 3, '2015110815', '2015110816', 1634),
(346, 3, '2015110816', '2015110817', 1498),
(347, 3, '2015110817', '2015110818', 917),
(348, 3, '2015110818', '2015110819', 828),
(349, 3, '2015110819', '2015110820', 1069),
(350, 3, '2015110820', '2015110821', 2757),
(351, 3, '2015110900', '2015110901', 17),
(352, 3, '2015110911', '2015110912', 847),
(353, 3, '2015110912', '2015110913', 1583),
(354, 3, '2015110916', '2015110917', 2),
(355, 3, '2015110917', '2015110918', 36),
(356, 3, '2015110918', '2015110919', 121),
(357, 3, '2015110919', '2015110920', 103),
(358, 3, '2015111011', '2015111012', 16),
(359, 3, '2015111012', '2015111013', 105),
(360, 3, '2015110314', '2015110315', 19),
(361, 3, '2015110315', '2015110316', 150),
(362, 3, '2015110316', '2015110317', 63),
(363, 3, '2015110317', '2015110318', 77),
(364, 3, '2015110318', '2015110319', 582),
(365, 3, '2015110319', '2015110320', 39),
(366, 3, '2015110320', '2015110321', 897),
(367, 3, '2015110321', '2015110322', 496),
(368, 3, '2015110407', '2015110408', 11),
(369, 3, '2015110408', '2015110409', 1543),
(370, 3, '2015110409', '2015110410', 8),
(371, 3, '2015110412', '2015110413', 710),
(372, 3, '2015110413', '2015110414', 170),
(373, 3, '2015110417', '2015110418', 1108),
(374, 3, '2015110420', '2015110421', 1016),
(375, 3, '2015110421', '2015110422', 437),
(376, 3, '2015110422', '2015110423', 43),
(377, 3, '2015110510', '2015110511', 855),
(378, 3, '2015110511', '2015110512', 905),
(379, 3, '2015110515', '2015110516', 454),
(380, 3, '2015110516', '2015110517', 1152),
(381, 3, '2015110517', '2015110518', 1553),
(382, 3, '2015110521', '2015110522', 35),
(383, 3, '2015110610', '2015110611', 531),
(384, 3, '2015110611', '2015110612', 1082),
(385, 3, '2015110612', '2015110613', 812),
(386, 3, '2015110613', '2015110614', 8),
(387, 3, '2015110614', '2015110615', 172),
(388, 3, '2015110616', '2015110617', 147),
(389, 3, '2015110618', '2015110619', 1427),
(390, 3, '2015110619', '2015110620', 1193),
(391, 3, '2015110620', '2015110621', 1223),
(392, 3, '2015110710', '2015110711', 13),
(393, 3, '2015110716', '2015110717', 782),
(394, 3, '2015110717', '2015110718', 2269),
(395, 3, '2015110718', '2015110719', 1775),
(396, 3, '2015110719', '2015110720', 1589),
(397, 3, '2015110722', '2015110723', 29),
(398, 3, '2015110800', '2015110801', 18),
(399, 3, '2015110801', '2015110802', 26),
(400, 3, '2015110811', '2015110812', 9),
(401, 3, '2015110812', '2015110813', 32),
(402, 3, '2015110814', '2015110815', 158),
(403, 3, '2015110815', '2015110816', 1293),
(404, 3, '2015110816', '2015110817', 1055),
(405, 3, '2015110817', '2015110818', 629),
(406, 3, '2015110818', '2015110819', 727),
(407, 3, '2015110819', '2015110820', 852),
(408, 3, '2015110820', '2015110821', 2223),
(409, 3, '2015110900', '2015110901', 21),
(410, 3, '2015110911', '2015110912', 671),
(411, 3, '2015110912', '2015110913', 1268),
(412, 3, '2015110917', '2015110918', 27),
(413, 3, '2015110918', '2015110919', 71),
(414, 3, '2015110919', '2015110920', 82),
(415, 3, '2015111011', '2015111012', 11),
(416, 3, '2015111012', '2015111013', 1),
(417, 3, '2015111012', '2015111013', 96),
(418, 3, '2015110318', '2015110319', 1),
(419, 3, '2015110408', '2015110409', 3),
(420, 3, '2015110412', '2015110413', 2),
(421, 3, '2015110413', '2015110414', 1),
(422, 3, '2015110417', '2015110418', 3),
(423, 3, '2015110420', '2015110421', 1),
(424, 3, '2015110510', '2015110511', 2),
(425, 3, '2015110511', '2015110512', 2),
(426, 3, '2015110610', '2015110611', 2),
(427, 3, '2015110611', '2015110612', 2),
(428, 3, '2015110612', '2015110613', 1),
(429, 3, '2015110620', '2015110621', 2),
(430, 3, '2015110716', '2015110717', 1),
(431, 3, '2015110717', '2015110718', 2),
(432, 3, '2015110719', '2015110720', 3),
(433, 3, '2015110815', '2015110816', 2),
(434, 3, '2015110816', '2015110817', 5),
(435, 3, '2015110820', '2015110821', 1),
(436, 3, '2015110911', '2015110912', 2),
(437, 3, '2015110912', '2015110913', 2),
(438, 4, '2015110417', '2015110418', 24),
(439, 4, '2015110418', '2015110419', 1261),
(440, 4, '2015110419', '2015110420', 365),
(441, 4, '2015110420', '2015110421', 2036),
(442, 4, '2015110421', '2015110422', 9),
(443, 4, '2015110510', '2015110511', 2042),
(444, 4, '2015110512', '2015110513', 589),
(445, 4, '2015110513', '2015110514', 924),
(446, 4, '2015110514', '2015110515', 1113),
(447, 4, '2015110515', '2015110516', 769),
(448, 4, '2015110516', '2015110517', 2118),
(449, 4, '2015110613', '2015110614', 873),
(450, 4, '2015110614', '2015110615', 1131),
(451, 4, '2015110616', '2015110617', 542),
(452, 4, '2015110617', '2015110618', 2223),
(453, 4, '2015110716', '2015110717', 1459),
(454, 4, '2015110812', '2015110813', 1881),
(455, 4, '2015110813', '2015110814', 460),
(456, 4, '2015110814', '2015110815', 547),
(457, 4, '2015110815', '2015110816', 1498),
(458, 4, '2015110916', '2015110917', 1946),
(459, 4, '2015110917', '2015110918', 697),
(460, 4, '2015110920', '2015110921', 437),
(461, 4, '2015110921', '2015110922', 1896),
(462, 4, '2015111009', '2015111010', 3),
(463, 4, '2015111009', '2015111010', 3),
(464, 4, '2015110417', '2015110418', 24),
(465, 4, '2015110418', '2015110419', 937),
(466, 4, '2015110419', '2015110420', 248),
(467, 4, '2015110420', '2015110421', 1462),
(468, 4, '2015110421', '2015110422', 3),
(469, 4, '2015110510', '2015110511', 1354),
(470, 4, '2015110512', '2015110513', 340),
(471, 4, '2015110513', '2015110514', 689),
(472, 4, '2015110514', '2015110515', 868),
(473, 4, '2015110515', '2015110516', 553),
(474, 4, '2015110516', '2015110517', 1543),
(475, 4, '2015110613', '2015110614', 569),
(476, 4, '2015110614', '2015110615', 856),
(477, 4, '2015110616', '2015110617', 410),
(478, 4, '2015110617', '2015110618', 1562),
(479, 4, '2015110716', '2015110717', 1029),
(480, 4, '2015110812', '2015110813', 1164),
(481, 4, '2015110813', '2015110814', 283),
(482, 4, '2015110814', '2015110815', 408),
(483, 4, '2015110815', '2015110816', 977),
(484, 4, '2015110916', '2015110917', 1384),
(485, 4, '2015110917', '2015110918', 528),
(486, 4, '2015110920', '2015110921', 292),
(487, 4, '2015110921', '2015110922', 1290),
(488, 4, '2015110419', '2015110420', 1),
(489, 4, '2015110512', '2015110513', 1),
(490, 4, '2015110513', '2015110514', 2),
(491, 4, '2015110516', '2015110517', 2),
(492, 4, '2015110616', '2015110617', 2),
(493, 4, '2015110617', '2015110618', 2),
(494, 4, '2015110716', '2015110717', 1),
(495, 4, '2015110812', '2015110813', 1),
(496, 4, '2015110813', '2015110814', 2),
(497, 4, '2015110814', '2015110815', 2),
(498, 4, '2015110917', '2015110918', 3),
(499, 5, '2015110412', '2015110413', 486),
(500, 5, '2015110413', '2015110414', 1604),
(501, 5, '2015110415', '2015110416', 375),
(502, 5, '2015110416', '2015110417', 749),
(503, 5, '2015110417', '2015110418', 1260),
(504, 5, '2015110418', '2015110419', 565),
(505, 5, '2015110419', '2015110420', 631),
(506, 5, '2015110508', '2015110509', 385),
(507, 5, '2015110509', '2015110510', 854),
(508, 5, '2015110511', '2015110512', 1065),
(509, 5, '2015110512', '2015110513', 1353),
(510, 5, '2015110513', '2015110514', 79),
(511, 5, '2015110515', '2015110516', 1380),
(512, 5, '2015110519', '2015110520', 119),
(513, 5, '2015110520', '2015110521', 1287),
(514, 5, '2015110600', '2015110601', 11),
(515, 5, '2015110614', '2015110615', 1889),
(516, 5, '2015110615', '2015110616', 1115),
(517, 5, '2015110616', '2015110617', 3104),
(518, 5, '2015110617', '2015110618', 1606),
(519, 5, '2015110618', '2015110619', 966),
(520, 5, '2015110708', '2015110709', 390),
(521, 5, '2015110709', '2015110710', 1230),
(522, 5, '2015110712', '2015110713', 1472),
(523, 5, '2015110713', '2015110714', 483),
(524, 5, '2015110714', '2015110715', 8),
(525, 5, '2015110718', '2015110719', 2456),
(526, 5, '2015110719', '2015110720', 476),
(527, 5, '2015110720', '2015110721', 17),
(528, 5, '2015110811', '2015110812', 388),
(529, 5, '2015110812', '2015110813', 1645),
(530, 5, '2015110813', '2015110814', 388),
(531, 5, '2015110817', '2015110818', 305),
(532, 5, '2015110818', '2015110819', 333),
(533, 5, '2015110820', '2015110821', 1439),
(534, 5, '2015110821', '2015110822', 403),
(535, 5, '2015110900', '2015110901', 10),
(536, 5, '2015110902', '2015110903', 25),
(537, 5, '2015110907', '2015110908', 354),
(538, 5, '2015110908', '2015110909', 1035),
(539, 5, '2015110909', '2015110910', 118),
(540, 5, '2015110912', '2015110913', 913),
(541, 5, '2015110913', '2015110914', 1532),
(542, 5, '2015110914', '2015110915', 103),
(543, 5, '2015110916', '2015110917', 54),
(544, 5, '2015110917', '2015110918', 567),
(545, 5, '2015110918', '2015110919', 489),
(546, 5, '2015111011', '2015111012', 67),
(547, 5, '2015111012', '2015111013', 100),
(548, 5, '2015111015', '2015111016', 47),
(549, 5, '2015111018', '2015111019', 77),
(550, 5, '2015110412', '2015110413', 444),
(551, 5, '2015110413', '2015110414', 1189),
(552, 5, '2015110415', '2015110416', 336),
(553, 5, '2015110416', '2015110417', 541),
(554, 5, '2015110417', '2015110418', 937),
(555, 5, '2015110418', '2015110419', 448),
(556, 5, '2015110419', '2015110420', 489),
(557, 5, '2015110508', '2015110509', 281),
(558, 5, '2015110509', '2015110510', 659),
(559, 5, '2015110511', '2015110512', 763),
(560, 5, '2015110512', '2015110513', 1040),
(561, 5, '2015110513', '2015110514', 73),
(562, 5, '2015110515', '2015110516', 1086),
(563, 5, '2015110519', '2015110520', 96),
(564, 5, '2015110520', '2015110521', 942),
(565, 5, '2015110600', '2015110601', 8),
(566, 5, '2015110614', '2015110615', 1354),
(567, 5, '2015110615', '2015110616', 854),
(568, 5, '2015110616', '2015110617', 2095),
(569, 5, '2015110617', '2015110618', 1021),
(570, 5, '2015110618', '2015110619', 712),
(571, 5, '2015110708', '2015110709', 275),
(572, 5, '2015110709', '2015110710', 934),
(573, 5, '2015110712', '2015110713', 1172),
(574, 5, '2015110713', '2015110714', 383),
(575, 5, '2015110714', '2015110715', 20),
(576, 5, '2015110718', '2015110719', 1620),
(577, 5, '2015110719', '2015110720', 439),
(578, 5, '2015110720', '2015110721', 15),
(579, 5, '2015110811', '2015110812', 306),
(580, 5, '2015110812', '2015110813', 1307),
(581, 5, '2015110813', '2015110814', 297),
(582, 5, '2015110817', '2015110818', 216),
(583, 5, '2015110818', '2015110819', 276),
(584, 5, '2015110819', '2015110820', 2),
(585, 5, '2015110820', '2015110821', 1081),
(586, 5, '2015110821', '2015110822', 310),
(587, 5, '2015110900', '2015110901', 18),
(588, 5, '2015110902', '2015110903', 34),
(589, 5, '2015110907', '2015110908', 278),
(590, 5, '2015110908', '2015110909', 805),
(591, 5, '2015110909', '2015110910', 100),
(592, 5, '2015110912', '2015110913', 689),
(593, 5, '2015110913', '2015110914', 1187),
(594, 5, '2015110914', '2015110915', 82),
(595, 5, '2015110916', '2015110917', 49),
(596, 5, '2015110917', '2015110918', 461),
(597, 5, '2015110918', '2015110919', 383),
(598, 5, '2015111011', '2015111012', 50),
(599, 5, '2015111012', '2015111013', 54),
(600, 5, '2015111015', '2015111016', 51),
(601, 5, '2015111018', '2015111019', 66),
(602, 5, '2015110413', '2015110414', 2),
(603, 5, '2015110417', '2015110418', 5),
(604, 5, '2015110520', '2015110521', 1),
(605, 5, '2015110614', '2015110615', 3),
(606, 5, '2015110616', '2015110617', 2),
(607, 5, '2015110617', '2015110618', 2),
(608, 5, '2015110618', '2015110619', 2),
(609, 5, '2015110709', '2015110710', 9),
(610, 5, '2015110713', '2015110714', 1),
(611, 5, '2015110718', '2015110719', 6),
(612, 5, '2015110812', '2015110813', 1),
(613, 5, '2015110820', '2015110821', 2),
(614, 5, '2015110908', '2015110909', 1),
(615, 5, '2015110913', '2015110914', 9),
(616, 6, '2015110412', '2015110413', 466),
(617, 6, '2015110413', '2015110414', 1624),
(618, 6, '2015110415', '2015110416', 213),
(619, 6, '2015110416', '2015110417', 911),
(620, 6, '2015110417', '2015110418', 1260),
(621, 6, '2015110418', '2015110419', 548),
(622, 6, '2015110419', '2015110420', 648),
(623, 6, '2015110508', '2015110509', 385),
(624, 6, '2015110509', '2015110510', 854),
(625, 6, '2015110511', '2015110512', 1065),
(626, 6, '2015110512', '2015110513', 1353),
(627, 6, '2015110513', '2015110514', 79),
(628, 6, '2015110515', '2015110516', 1380),
(629, 6, '2015110519', '2015110520', 95),
(630, 6, '2015110520', '2015110521', 1311),
(631, 6, '2015110600', '2015110601', 11),
(632, 6, '2015110614', '2015110615', 1691),
(633, 6, '2015110615', '2015110616', 1312),
(634, 6, '2015110616', '2015110617', 3104),
(635, 6, '2015110617', '2015110618', 1459),
(636, 6, '2015110618', '2015110619', 1113),
(637, 6, '2015110708', '2015110709', 390),
(638, 6, '2015110709', '2015110710', 1230),
(639, 6, '2015110712', '2015110713', 1336),
(640, 6, '2015110713', '2015110714', 564),
(641, 6, '2015110714', '2015110715', 63),
(642, 6, '2015110718', '2015110719', 2424),
(643, 6, '2015110719', '2015110720', 508),
(644, 6, '2015110720', '2015110721', 17),
(645, 6, '2015110811', '2015110812', 363),
(646, 6, '2015110812', '2015110813', 1670),
(647, 6, '2015110813', '2015110814', 388),
(648, 6, '2015110817', '2015110818', 305),
(649, 6, '2015110818', '2015110819', 333),
(650, 6, '2015110820', '2015110821', 1439),
(651, 6, '2015110821', '2015110822', 403),
(652, 6, '2015110900', '2015110901', 10),
(653, 6, '2015110902', '2015110903', 25),
(654, 6, '2015110907', '2015110908', 354),
(655, 6, '2015110908', '2015110909', 1035),
(656, 6, '2015110909', '2015110910', 118),
(657, 6, '2015110912', '2015110913', 913),
(658, 6, '2015110913', '2015110914', 1532),
(659, 6, '2015110914', '2015110915', 103),
(660, 6, '2015110916', '2015110917', 54),
(661, 6, '2015110917', '2015110918', 567),
(662, 6, '2015110918', '2015110919', 489),
(663, 6, '2015111011', '2015111012', 67),
(664, 6, '2015111012', '2015111013', 100),
(665, 6, '2015111015', '2015111016', 47),
(666, 6, '2015111018', '2015111019', 77),
(667, 6, '2015110412', '2015110413', 411),
(668, 6, '2015110413', '2015110414', 1222),
(669, 6, '2015110415', '2015110416', 269),
(670, 6, '2015110416', '2015110417', 608),
(671, 6, '2015110417', '2015110418', 937),
(672, 6, '2015110418', '2015110419', 439),
(673, 6, '2015110419', '2015110420', 498),
(674, 6, '2015110508', '2015110509', 281),
(675, 6, '2015110509', '2015110510', 659),
(676, 6, '2015110511', '2015110512', 763),
(677, 6, '2015110512', '2015110513', 1040),
(678, 6, '2015110513', '2015110514', 73),
(679, 6, '2015110515', '2015110516', 1086),
(680, 6, '2015110519', '2015110520', 69),
(681, 6, '2015110520', '2015110521', 968),
(682, 6, '2015110600', '2015110601', 8),
(683, 6, '2015110614', '2015110615', 1276),
(684, 6, '2015110615', '2015110616', 933),
(685, 6, '2015110616', '2015110617', 2095),
(686, 6, '2015110617', '2015110618', 971),
(687, 6, '2015110618', '2015110619', 762),
(688, 6, '2015110708', '2015110709', 275),
(689, 6, '2015110709', '2015110710', 934),
(690, 6, '2015110712', '2015110713', 1138),
(691, 6, '2015110713', '2015110714', 413),
(692, 6, '2015110714', '2015110715', 23),
(693, 6, '2015110718', '2015110719', 1605),
(694, 6, '2015110719', '2015110720', 454),
(695, 6, '2015110720', '2015110721', 15),
(696, 6, '2015110811', '2015110812', 306),
(697, 6, '2015110812', '2015110813', 1307),
(698, 6, '2015110813', '2015110814', 297),
(699, 6, '2015110817', '2015110818', 216),
(700, 6, '2015110818', '2015110819', 276),
(701, 6, '2015110819', '2015110820', 1),
(702, 6, '2015110820', '2015110821', 1081),
(703, 6, '2015110821', '2015110822', 310),
(704, 6, '2015110900', '2015110901', 18),
(705, 6, '2015110902', '2015110903', 34),
(706, 6, '2015110907', '2015110908', 278),
(707, 6, '2015110908', '2015110909', 805),
(708, 6, '2015110909', '2015110910', 100),
(709, 6, '2015110912', '2015110913', 689),
(710, 6, '2015110913', '2015110914', 1187),
(711, 6, '2015110914', '2015110915', 82),
(712, 6, '2015110916', '2015110917', 49),
(713, 6, '2015110917', '2015110918', 461),
(714, 6, '2015110918', '2015110919', 383),
(715, 6, '2015111011', '2015111012', 50),
(716, 6, '2015111012', '2015111013', 54),
(717, 6, '2015111015', '2015111016', 51),
(718, 6, '2015111018', '2015111019', 66),
(719, 6, '2015110413', '2015110414', 2),
(720, 6, '2015110417', '2015110418', 5),
(721, 6, '2015110520', '2015110521', 1),
(722, 6, '2015110614', '2015110615', 3),
(723, 6, '2015110616', '2015110617', 2),
(724, 6, '2015110617', '2015110618', 2),
(725, 6, '2015110618', '2015110619', 2),
(726, 6, '2015110709', '2015110710', 9),
(727, 6, '2015110713', '2015110714', 1),
(728, 6, '2015110718', '2015110719', 6),
(729, 6, '2015110812', '2015110813', 1),
(730, 6, '2015110820', '2015110821', 2),
(731, 6, '2015110908', '2015110909', 1),
(732, 6, '2015110913', '2015110914', 9);

-- --------------------------------------------------------

--
-- 表的结构 `userInfo`
--

CREATE TABLE `userInfo` (
  `id` int(11) NOT NULL,
  `userName` varchar(45) NOT NULL,
  `password` varchar(45) NOT NULL,
  `email` varchar(45) NOT NULL,
  `gender` varchar(2) NOT NULL,
  `birthday` varchar(45) DEFAULT NULL,
  `phoneNumber` varchar(15) NOT NULL,
  `photoProfile` varchar(45) DEFAULT NULL,
  `sportData` varchar(45) DEFAULT NULL,
  `area` varchar(45) NOT NULL,
  `appleId` varchar(45) DEFAULT NULL,
  `wechatId` varchar(45) DEFAULT NULL
) ENGINE=InnoDB DEFAULT CHARSET=latin1;

--
-- 转存表中的数据 `userInfo`
--

INSERT INTO `userInfo` (`id`, `userName`, `password`, `email`, `gender`, `birthday`, `phoneNumber`, `photoProfile`, `sportData`, `area`, `appleId`, `wechatId`) VALUES
(1, 'jana', 'Ab1234567~', 'liushan_chen@outlook.com', '', '2015-12-01', '12345678', '../uploads/', '../uploads/data.xml', 'HK', '', '12345678'),
(2, 'Elva', 'Welcome13', 'elva329@126.com', '', '1989-03-29', '12345678', '../uploads/', '../uploads/data.xml', 'CHINA', '', 'elva_329'),
(3, 'vivian', '3010641428-Viya', '15113287g@connect.polyu.hk', '', '1993-01-08', '67604142', '../uploads/', '../uploads/data1.xml', 'HK', '', 'vivian'),
(4, 'steven', 'Zhw19921201', 'zhwdyx1201@gmail.com', '', '2015-12-09', '68183723', '../uploads/', '../uploads/data.xml', 'HK', '', ''),
(5, 'liushan', 'Ab1234567~', 'abc@abc.com', '', '2015-12-01', '12345678', '../uploads/', '../uploads/data.xml', 'Other', '', '');

-- --------------------------------------------------------

--
-- 表的结构 `userRelation`
--

CREATE TABLE `userRelation` (
  `relationId` int(11) NOT NULL,
  `user1Id` int(11) NOT NULL,
  `user2Id` int(11) NOT NULL
) ENGINE=InnoDB DEFAULT CHARSET=latin1;

--
-- 转存表中的数据 `userRelation`
--

INSERT INTO `userRelation` (`relationId`, `user1Id`, `user2Id`) VALUES
(1, 2, 1),
(2, 2, 3),
(3, 4, 1),
(4, 4, 3),
(5, 5, 1),
(6, 5, 3),
(7, 1, 2),
(8, 1, 4);

--
-- Indexes for dumped tables
--

--
-- Indexes for table `analyzedResult`
--
ALTER TABLE `analyzedResult`
  ADD PRIMARY KEY (`resultId`);

--
-- Indexes for table `sportData`
--
ALTER TABLE `sportData`
  ADD PRIMARY KEY (`sportDataId`);

--
-- Indexes for table `userInfo`
--
ALTER TABLE `userInfo`
  ADD PRIMARY KEY (`id`),
  ADD UNIQUE KEY `email_UNIQUE` (`email`);

--
-- Indexes for table `userRelation`
--
ALTER TABLE `userRelation`
  ADD PRIMARY KEY (`relationId`);

--
-- AUTO_INCREMENT for dumped tables
--

--
-- AUTO_INCREMENT for table `analyzedResult`
--
ALTER TABLE `analyzedResult`
  MODIFY `resultId` int(11) NOT NULL AUTO_INCREMENT, AUTO_INCREMENT=7;
--
-- AUTO_INCREMENT for table `sportData`
--
ALTER TABLE `sportData`
  MODIFY `sportDataId` int(11) NOT NULL AUTO_INCREMENT, AUTO_INCREMENT=733;
--
-- AUTO_INCREMENT for table `userInfo`
--
ALTER TABLE `userInfo`
  MODIFY `id` int(11) NOT NULL AUTO_INCREMENT, AUTO_INCREMENT=6;
--
-- AUTO_INCREMENT for table `userRelation`
--
ALTER TABLE `userRelation`
  MODIFY `relationId` int(11) NOT NULL AUTO_INCREMENT, AUTO_INCREMENT=9;
/*!40101 SET CHARACTER_SET_CLIENT=@OLD_CHARACTER_SET_CLIENT */;
/*!40101 SET CHARACTER_SET_RESULTS=@OLD_CHARACTER_SET_RESULTS */;
/*!40101 SET COLLATION_CONNECTION=@OLD_COLLATION_CONNECTION */;
